team_id,playerId,firstName,lastName,fullName,displayName,weight,height,age,position,activestatus,headshot,exp
22,3886809,Andre,Baccellia,Andre Baccellia,Andre Baccellia,175,70,27.0,WR,29,https://a.espncdn.com/i/headshots/nfl/players/full/3886809.png,2
22,4037235,Greg,Dortch,Greg Dortch,Greg Dortch,175,67,26.0,WR,1,https://a.espncdn.com/i/headshots/nfl/players/full/4037235.png,4
22,4432708,Marvin,Harrison Jr.,Marvin Harrison Jr.,Marvin Harrison Jr.,205,76,22.0,WR,1,https://a.espncdn.com/i/headshots/nfl/players/full/4432708.png,0
22,4426844,Elijah,Higgins,Elijah Higgins,Elijah Higgins,235,75,24.0,TE,1,https://a.espncdn.com/i/headshots/nfl/players/full/4426844.png,2
22,3059722,Zay,Jones,Zay Jones,Zay Jones,200,74,29.0,WR,1,https://a.espncdn.com/i/headshots/nfl/players/full/3059722.png,8
22,4361307,Trey,McBride,Trey McBride,Trey McBride,246,76,25.0,TE,1,https://a.espncdn.com/i/headshots/nfl/players/full/4361307.png,3
22,4875912,Tejhaun,Palmer,Tejhaun Palmer,Tejhaun Palmer,210,74,24.0,WR,29,https://a.espncdn.com/i/headshots/nfl/players/full/4875912.png,0
22,2978109,Zach,Pascal,Zach Pascal,Zach Pascal,215,74,30.0,WR,1,https://a.espncdn.com/i/headshots/nfl/players/full/2978109.png,7
22,4696700,Tip,Reiman,Tip Reiman,Tip Reiman,273,76,23.0,TE,1,https://a.espncdn.com/i/headshots/nfl/players/full/4696700.png,0
22,4832523,Bernhard,Seikovits,Bernhard Seikovits,Bernhard Seikovits,262,77,27.0,TE,29,https://a.espncdn.com/i/headshots/nfl/players/full/4832523.png,1
22,4259324,Travis,Vokolek,Travis Vokolek,Travis Vokolek,260,78,26.0,TE,1,https://a.espncdn.com/i/headshots/nfl/players/full/4259324.png,1
22,4428811,Xavier,Weaver,Xavier Weaver,Xavier Weaver,180,73,24.0,WR,1,https://a.espncdn.com/i/headshots/nfl/players/full/4428811.png,0
22,4360761,Michael,Wilson,Michael Wilson,Michael Wilson,213,74,24.0,WR,1,https://a.espncdn.com/i/headshots/nfl/players/full/4360761.png,2
1,4369886,Chris,Blair,Chris Blair,Chris Blair,215,74,27.0,WR,1,https://a.espncdn.com/i/headshots/nfl/players/full/4369886.png,1
1,2579604,Phillip,Dorsett II,Phillip Dorsett II,Phillip Dorsett II,185,70,31.0,WR,29,https://a.espncdn.com/i/headshots/nfl/players/full/2579604.png,9
1,4363551,Dylan,Drummond,Dylan Drummond,Dylan Drummond,190,72,24.0,WR,29,https://a.espncdn.com/i/headshots/nfl/players/full/4363551.png,1
1,3120303,Ross,Dwelley,Ross Dwelley,Ross Dwelley,235,77,29.0,TE,1,https://a.espncdn.com/i/headshots/nfl/players/full/3120303.png,7
1,3047876,KhaDarel,Hodge,KhaDarel Hodge,KhaDarel Hodge,208,74,29.0,WR,1,https://a.espncdn.com/i/headshots/nfl/players/full/3047876.png,5
1,4426502,Drake,London,Drake London,Drake London,213,76,23.0,WR,1,https://a.espncdn.com/i/headshots/nfl/players/full/4426502.png,3
1,4379569,Jesse,Matthews,Jesse Matthews,Jesse Matthews,190,72,25.0,WR,29,https://a.espncdn.com/i/headshots/nfl/players/full/4379569.png,2
1,3728262,Ray-Ray,McCloud III,Ray-Ray McCloud III,Ray-Ray McCloud III,190,69,28.0,WR,1,https://a.espncdn.com/i/headshots/nfl/players/full/3728262.png,7
1,4040655,Darnell,Mooney,Darnell Mooney,Darnell Mooney,177,71,27.0,WR,1,https://a.espncdn.com/i/headshots/nfl/players/full/4040655.png,5
1,4372485,Rondale,Moore,Rondale Moore,Rondale Moore,181,67,24.0,WR,13,https://a.espncdn.com/i/headshots/nfl/players/full/4372485.png,4
1,4360248,Kyle,Pitts,Kyle Pitts,Kyle Pitts,246,78,24.0,TE,1,https://a.espncdn.com/i/headshots/nfl/players/full/4360248.png,4
1,4056052,Armani,Rogers,Armani Rogers,Armani Rogers,227,77,27.0,TE,29,https://a.espncdn.com/i/headshots/nfl/players/full/4056052.png,3
1,4428796,Casey,Washington,Casey Washington,Casey Washington,200,72,23.0,WR,1,https://a.espncdn.com/i/headshots/nfl/players/full/4428796.png,0
1,4035020,Charlie,Woerner,Charlie Woerner,Charlie Woerner,241,77,27.0,TE,1,https://a.espncdn.com/i/headshots/nfl/players/full/4035020.png,5
33,2971618,Nelson,Agholor,Nelson Agholor,Nelson Agholor,200,72,31.0,WR,1,https://a.espncdn.com/i/headshots/nfl/players/full/2971618.png,10
33,3116365,Mark,Andrews,Mark Andrews,Mark Andrews,250,77,29.0,TE,1,https://a.espncdn.com/i/headshots/nfl/players/full/3116365.png,7
33,4360939,Rashod,Bateman,Rashod Bateman,Rashod Bateman,195,73,25.0,WR,1,https://a.espncdn.com/i/headshots/nfl/players/full/4360939.png,4
33,4240069,Malik,Cunningham,Malik Cunningham,Malik Cunningham,186,73,26.0,WR,29,https://a.espncdn.com/i/headshots/nfl/players/full/4240069.png,2
33,4429615,Zay,Flowers,Zay Flowers,Zay Flowers,175,69,24.0,WR,1,https://a.espncdn.com/i/headshots/nfl/players/full/4429615.png,2
33,4411193,Deonte,Harty,Deonte Harty,Deonte Harty,170,66,27.0,WR,13,https://a.espncdn.com/i/headshots/nfl/players/full/4411193.png,6
33,4379769,Qadir,Ismail,Qadir Ismail,Qadir Ismail,215,78,24.0,TE,29,https://a.espncdn.com/i/headshots/nfl/players/full/4379769.png,0
33,3046401,Keith,Kirkwood,Keith Kirkwood,Keith Kirkwood,210,75,31.0,WR,29,https://a.espncdn.com/i/headshots/nfl/players/full/3046401.png,5
33,4241263,Charlie,Kolar,Charlie Kolar,Charlie Kolar,267,78,25.0,TE,13,https://a.espncdn.com/i/headshots/nfl/players/full/4241263.png,3
33,4361050,Isaiah,Likely,Isaiah Likely,Isaiah Likely,247,76,24.0,TE,1,https://a.espncdn.com/i/headshots/nfl/players/full/4361050.png,3
33,3050487,Anthony,Miller,Anthony Miller,Anthony Miller,190,71,30.0,WR,29,https://a.espncdn.com/i/headshots/nfl/players/full/3050487.png,6
33,4876006,Zaire,Mitchell-Paden,Zaire Mitchell-Paden,Zaire Mitchell-Paden,257,77,25.0,TE,29,https://a.espncdn.com/i/headshots/nfl/players/full/4876006.png,1
33,3917960,Steven,Sims,Steven Sims,Steven Sims,190,70,27.0,WR,1,https://a.espncdn.com/i/headshots/nfl/players/full/3917960.png,4
33,4428763,Dayton,Wade,Dayton Wade,Dayton Wade,184,69,24.0,WR,29,https://a.espncdn.com/i/headshots/nfl/players/full/4428763.png,0
33,4696882,Devontez,Walker,Devontez Walker,Devontez Walker,198,73,23.0,WR,1,https://a.espncdn.com/i/headshots/nfl/players/full/4696882.png,0
33,4241424,Tylan,Wallace,Tylan Wallace,Tylan Wallace,202,71,25.0,WR,1,https://a.espncdn.com/i/headshots/nfl/players/full/4241424.png,4
33,3919557,Scotty,Washington,Scotty Washington,Scotty Washington,242,77,27.0,TE,29,https://a.espncdn.com/i/headshots/nfl/players/full/3919557.png,1
2,4635008,Keon,Coleman,Keon Coleman,Keon Coleman,215,76,21.0,WR,1,https://a.espncdn.com/i/headshots/nfl/players/full/4635008.png,0
2,2976499,Amari,Cooper,Amari Cooper,Amari Cooper,210,73,30.0,WR,1,https://a.espncdn.com/i/headshots/nfl/players/full/2976499.png,10
2,4746079,Zach,Davidson,Zach Davidson,Zach Davidson,251,79,26.0,TE,29,https://a.espncdn.com/i/headshots/nfl/players/full/4746079.png,2
2,2991662,Mack,Hollins,Mack Hollins,Mack Hollins,221,76,31.0,WR,1,https://a.espncdn.com/i/headshots/nfl/players/full/2991662.png,8
2,4385690,Dalton,Kincaid,Dalton Kincaid,Dalton Kincaid,240,76,25.0,TE,1,https://a.espncdn.com/i/headshots/nfl/players/full/4385690.png,2
2,3930086,Dawson,Knox,Dawson Knox,Dawson Knox,254,76,28.0,TE,1,https://a.espncdn.com/i/headshots/nfl/players/full/3930086.png,6
2,4244049,Quintin,Morris,Quintin Morris,Quintin Morris,252,74,25.0,TE,1,https://a.espncdn.com/i/headshots/nfl/players/full/4244049.png,3
2,3121427,Curtis,Samuel,Curtis Samuel,Curtis Samuel,195,71,28.0,WR,1,https://a.espncdn.com/i/headshots/nfl/players/full/3121427.png,8
2,4373678,Khalil,Shakir,Khalil Shakir,Khalil Shakir,190,72,24.0,WR,1,https://a.espncdn.com/i/headshots/nfl/players/full/4373678.png,3
2,4241476,Tyrell,Shavers,Tyrell Shavers,Tyrell Shavers,211,76,25.0,WR,29,https://a.espncdn.com/i/headshots/nfl/players/full/4241476.png,1
2,4036448,Jalen,Virgil,Jalen Virgil,Jalen Virgil,210,73,26.0,WR,29,https://a.espncdn.com/i/headshots/nfl/players/full/4036448.png,3
29,3929637,Dan,Chisena,Dan Chisena,Dan Chisena,202,75,27.0,WR,1,https://a.espncdn.com/i/headshots/nfl/players/full/3929637.png,4
29,4695883,Jalen,Coker,Jalen Coker,Jalen Coker,213,75,23.0,WR,1,https://a.espncdn.com/i/headshots/nfl/players/full/4695883.png,0
29,4036129,Dominique,Dafney,Dominique Dafney,Dominique Dafney,235,75,27.0,TE,29,https://a.espncdn.com/i/headshots/nfl/players/full/4036129.png,3
29,4034948,Feleipe,Franks,Feleipe Franks,Feleipe Franks,228,78,27.0,TE,1,https://a.espncdn.com/i/headshots/nfl/players/full/4034948.png,4
29,3931391,Trenton,Irwin,Trenton Irwin,Trenton Irwin,200,73,29.0,WR,29,https://a.espncdn.com/i/headshots/nfl/players/full/3931391.png,5
29,4035693,Velus,Jones Jr.,Velus Jones Jr.,Velus Jones Jr.,200,72,27.0,WR,1,https://a.espncdn.com/i/headshots/nfl/players/full/4035693.png,3
29,4430034,Xavier,Legette,Xavier Legette,Xavier Legette,227,75,23.0,WR,1,https://a.espncdn.com/i/headshots/nfl/players/full/4430034.png,0
29,4370162,T.J.,Luther,T.J. Luther,T.J. Luther,189,71,24.0,WR,29,https://a.espncdn.com/i/headshots/nfl/players/full/4370162.png,1
29,16763,Jordan,Matthews,Jordan Matthews,Jordan Matthews,236,75,32.0,TE,29,https://a.espncdn.com/i/headshots/nfl/players/full/16763.png,8
29,4373642,Dax,Milne,Dax Milne,Dax Milne,190,73,25.0,WR,29,https://a.espncdn.com/i/headshots/nfl/players/full/4373642.png,4
29,4212909,David,Moore,David Moore,David Moore,220,72,29.0,WR,1,https://a.espncdn.com/i/headshots/nfl/players/full/4212909.png,6
29,5215426,Praise,Olatoke,Praise Olatoke,Praise Olatoke,205,74,24.0,WR,29,,0
29,4431588,Ja'Tavion,Sanders,Ja'Tavion Sanders,Ja'Tavion Sanders,252,76,21.0,TE,1,https://a.espncdn.com/i/headshots/nfl/players/full/4431588.png,0
29,4035426,Stephen,Sullivan,Stephen Sullivan,Stephen Sullivan,245,77,28.0,TE,1,https://a.espncdn.com/i/headshots/nfl/players/full/4035426.png,3
29,16460,Adam,Thielen,Adam Thielen,Adam Thielen,195,74,34.0,WR,1,https://a.espncdn.com/i/headshots/nfl/players/full/16460.png,11
29,4045305,Ian,Thomas,Ian Thomas,Ian Thomas,260,76,28.0,TE,13,https://a.espncdn.com/i/headshots/nfl/players/full/4045305.png,7
29,4374187,Deven,Thompkins,Deven Thompkins,Deven Thompkins,155,68,25.0,WR,1,https://a.espncdn.com/i/headshots/nfl/players/full/4374187.png,3
29,4372780,Tommy,Tremble,Tommy Tremble,Tommy Tremble,250,76,24.0,TE,1,https://a.espncdn.com/i/headshots/nfl/players/full/4372780.png,4
3,15818,Keenan,Allen,Keenan Allen,Keenan Allen,211,74,32.0,WR,1,https://a.espncdn.com/i/headshots/nfl/players/full/15818.png,12
3,3948283,Stephen,Carlson,Stephen Carlson,Stephen Carlson,240,76,28.0,TE,13,https://a.espncdn.com/i/headshots/nfl/players/full/3948283.png,3
3,2580216,DeAndre,Carter,DeAndre Carter,DeAndre Carter,190,68,31.0,WR,13,https://a.espncdn.com/i/headshots/nfl/players/full/2580216.png,7
3,3918639,Gerald,Everett,Gerald Everett,Gerald Everett,245,75,30.0,TE,1,https://a.espncdn.com/i/headshots/nfl/players/full/3918639.png,8
3,4569510,John,Jackson III,John Jackson III,John Jackson III,215,73,25.0,WR,29,https://a.espncdn.com/i/headshots/nfl/players/full/4569510.png,0
3,4039043,Collin,Johnson,Collin Johnson,Collin Johnson,222,78,27.0,WR,1,https://a.espncdn.com/i/headshots/nfl/players/full/4039043.png,4
3,4258595,Cole,Kmet,Cole Kmet,Cole Kmet,260,78,25.0,TE,1,https://a.espncdn.com/i/headshots/nfl/players/full/4258595.png,5
3,9614,Marcedes,Lewis,Marcedes Lewis,Marcedes Lewis,267,78,40.0,TE,1,https://a.espncdn.com/i/headshots/nfl/players/full/9614.png,19
3,3915416,DJ,Moore,DJ Moore,DJ Moore,210,71,27.0,WR,1,https://a.espncdn.com/i/headshots/nfl/players/full/3915416.png,7
3,4431299,Rome,Odunze,Rome Odunze,Rome Odunze,215,75,22.0,WR,1,https://a.espncdn.com/i/headshots/nfl/players/full/4431299.png,0
3,4565908,Tyler,Scott,Tyler Scott,Tyler Scott,185,71,23.0,WR,1,https://a.espncdn.com/i/headshots/nfl/players/full/4565908.png,2
3,3122818,Tommy,Sweeney,Tommy Sweeney,Tommy Sweeney,255,77,29.0,TE,29,https://a.espncdn.com/i/headshots/nfl/players/full/3122818.png,6
3,4027873,Samori,Toure,Samori Toure,Samori Toure,191,73,26.0,WR,29,https://a.espncdn.com/i/headshots/nfl/players/full/4027873.png,3
3,3119317,Nsimba,Webster,Nsimba Webster,Nsimba Webster,180,70,28.0,WR,13,https://a.espncdn.com/i/headshots/nfl/players/full/3119317.png,4
3,4362570,Joel,Wilson,Joel Wilson,Joel Wilson,250,76,24.0,TE,29,https://a.espncdn.com/i/headshots/nfl/players/full/4362570.png,1
4,4427834,Erick,All Jr.,Erick All Jr.,Erick All Jr.,253,77,24.0,TE,13,https://a.espncdn.com/i/headshots/nfl/players/full/4427834.png,0
4,5192448,Cole,Burgess,Cole Burgess,Cole Burgess,192,73,24.0,WR,29,https://a.espncdn.com/i/headshots/nfl/players/full/5192448.png,0
4,4429033,Jermaine,Burton,Jermaine Burton,Jermaine Burton,200,72,23.0,WR,1,https://a.espncdn.com/i/headshots/nfl/players/full/4429033.png,0
4,4362628,Ja'Marr,Chase,Ja'Marr Chase,Ja'Marr Chase,201,72,24.0,WR,1,https://a.espncdn.com/i/headshots/nfl/players/full/4362628.png,4
4,3116164,Mike,Gesicki,Mike Gesicki,Mike Gesicki,252,78,29.0,TE,1,https://a.espncdn.com/i/headshots/nfl/players/full/3116164.png,7
4,4700712,Cam,Grandy,Cam Grandy,Cam Grandy,253,77,25.0,TE,1,https://a.espncdn.com/i/headshots/nfl/players/full/4700712.png,0
4,4239993,Tee,Higgins,Tee Higgins,Tee Higgins,219,76,25.0,WR,1,https://a.espncdn.com/i/headshots/nfl/players/full/4239993.png,5
4,3050481,Tanner,Hudson,Tanner Hudson,Tanner Hudson,239,77,30.0,TE,1,https://a.espncdn.com/i/headshots/nfl/players/full/3050481.png,5
4,4368003,Andrei,Iosivas,Andrei Iosivas,Andrei Iosivas,205,75,25.0,WR,1,https://a.espncdn.com/i/headshots/nfl/players/full/4368003.png,2
4,4257188,Charlie,Jones,Charlie Jones,Charlie Jones,183,72,26.0,WR,1,https://a.espncdn.com/i/headshots/nfl/players/full/4257188.png,2
4,4384171,Tanner,McLachlan,Tanner McLachlan,Tanner McLachlan,244,77,25.0,TE,1,https://a.espncdn.com/i/headshots/nfl/players/full/4384171.png,0
4,4035776,Kendric,Pryor,Kendric Pryor,Kendric Pryor,189,71,26.0,WR,29,https://a.espncdn.com/i/headshots/nfl/players/full/4035776.png,2
4,3127310,Drew,Sample,Drew Sample,Drew Sample,255,77,28.0,TE,1,https://a.espncdn.com/i/headshots/nfl/players/full/3127310.png,6
4,4569371,Isaiah,Williams,Isaiah Williams,Isaiah Williams,185,70,23.0,WR,1,https://a.espncdn.com/i/headshots/nfl/players/full/4569371.png,0
5,3128452,Jordan,Akins,Jordan Akins,Jordan Akins,245,76,32.0,TE,1,https://a.espncdn.com/i/headshots/nfl/players/full/3128452.png,7
5,4362603,Brenden,Bates,Brenden Bates,Brenden Bates,255,77,25.0,TE,1,https://a.espncdn.com/i/headshots/nfl/players/full/4362603.png,0
5,4570409,David,Bell,David Bell,David Bell,212,73,24.0,WR,13,https://a.espncdn.com/i/headshots/nfl/players/full/4570409.png,3
5,5065495,Kaden,Davis,Kaden Davis,Kaden Davis,193,73,26.0,WR,29,https://a.espncdn.com/i/headshots/nfl/players/full/5065495.png,1
5,4361351,Jaelen,Gill,Jaelen Gill,Jaelen Gill,185,72,25.0,WR,29,,0
5,4241463,Jerry,Jeudy,Jerry Jeudy,Jerry Jeudy,195,73,25.0,WR,1,https://a.espncdn.com/i/headshots/nfl/players/full/4241463.png,5
5,4372026,Cameron,Latu,Cameron Latu,Cameron Latu,245,77,24.0,TE,29,https://a.espncdn.com/i/headshots/nfl/players/full/4372026.png,2
5,4240023,Tre',McKitty,Tre' McKitty,Tre' McKitty,246,76,25.0,TE,29,https://a.espncdn.com/i/headshots/nfl/players/full/4240023.png,3
5,4372414,Elijah,Moore,Elijah Moore,Elijah Moore,180,70,24.0,WR,1,https://a.espncdn.com/i/headshots/nfl/players/full/4372414.png,4
5,3123076,David,Njoku,David Njoku,David Njoku,246,76,28.0,TE,1,https://a.espncdn.com/i/headshots/nfl/players/full/3123076.png,8
5,3916204,James,Proche II,James Proche II,James Proche II,193,71,28.0,WR,1,https://a.espncdn.com/i/headshots/nfl/players/full/3916204.png,5
5,3046704,Geoff,Swaim,Geoff Swaim,Geoff Swaim,260,76,31.0,TE,13,https://a.espncdn.com/i/headshots/nfl/players/full/3046704.png,10
5,4428678,Jamari,Thrash,Jamari Thrash,Jamari Thrash,190,72,24.0,WR,1,https://a.espncdn.com/i/headshots/nfl/players/full/4428678.png,0
5,4369863,Cedric,Tillman,Cedric Tillman,Cedric Tillman,215,75,24.0,WR,13,https://a.espncdn.com/i/headshots/nfl/players/full/4369863.png,2
5,4362018,Blake,Whiteheart,Blake Whiteheart,Blake Whiteheart,250,76,24.0,TE,1,https://a.espncdn.com/i/headshots/nfl/players/full/4362018.png,2
5,4360174,Michael,Woods II,Michael Woods II,Michael Woods II,204,73,24.0,WR,1,https://a.espncdn.com/i/headshots/nfl/players/full/4360174.png,2
6,4692835,Jalen,Brooks,Jalen Brooks,Jalen Brooks,205,74,24.0,WR,1,https://a.espncdn.com/i/headshots/nfl/players/full/4692835.png,2
6,16731,Brandin,Cooks,Brandin Cooks,Brandin Cooks,189,70,31.0,WR,1,https://a.espncdn.com/i/headshots/nfl/players/full/16731.png,11
6,4242442,Princeton,Fant,Princeton Fant,Princeton Fant,235,74,25.0,TE,1,https://a.espncdn.com/i/headshots/nfl/players/full/4242442.png,1
6,4242355,Jake,Ferguson,Jake Ferguson,Jake Ferguson,244,77,25.0,TE,1,https://a.espncdn.com/i/headshots/nfl/players/full/4242355.png,3
6,5083754,Ryan,Flournoy,Ryan Flournoy,Ryan Flournoy,200,73,25.0,WR,1,https://a.espncdn.com/i/headshots/nfl/players/full/5083754.png,0
6,4036163,Kelvin,Harmon,Kelvin Harmon,Kelvin Harmon,215,74,28.0,WR,29,https://a.espncdn.com/i/headshots/nfl/players/full/4036163.png,2
6,4241389,CeeDee,Lamb,CeeDee Lamb,CeeDee Lamb,200,74,25.0,WR,13,https://a.espncdn.com/i/headshots/nfl/players/full/4241389.png,5
6,4426485,Jonathan,Mingo,Jonathan Mingo,Jonathan Mingo,220,74,23.0,WR,1,https://a.espncdn.com/i/headshots/nfl/players/full/4426485.png,2
6,4426990,Jalen,Moreno-Cropper,Jalen Moreno-Cropper,Jalen Moreno-Cropper,172,72,23.0,WR,29,https://a.espncdn.com/i/headshots/nfl/players/full/4426990.png,1
6,4372096,Luke,Schoonmaker,Luke Schoonmaker,Luke Schoonmaker,250,77,26.0,TE,1,https://a.espncdn.com/i/headshots/nfl/players/full/4372096.png,2
6,4360967,Brevyn,Spann-Ford,Brevyn Spann-Ford,Brevyn Spann-Ford,270,79,25.0,TE,1,https://a.espncdn.com/i/headshots/nfl/players/full/4360967.png,0
6,4362489,John,Stephens Jr.,John Stephens Jr.,John Stephens Jr.,221,77,25.0,TE,13,https://a.espncdn.com/i/headshots/nfl/players/full/4362489.png,2
6,4249417,Jalen,Tolbert,Jalen Tolbert,Jalen Tolbert,195,73,25.0,WR,1,https://a.espncdn.com/i/headshots/nfl/players/full/4249417.png,3
6,3676833,KaVontae,Turpin,KaVontae Turpin,KaVontae Turpin,153,69,28.0,WR,1,https://a.espncdn.com/i/headshots/nfl/players/full/3676833.png,3
6,4371974,Seth,Williams,Seth Williams,Seth Williams,211,74,24.0,WR,29,https://a.espncdn.com/i/headshots/nfl/players/full/4371974.png,1
7,4383440,Nate,Adkins,Nate Adkins,Nate Adkins,252,75,25.0,TE,1,https://a.espncdn.com/i/headshots/nfl/players/full/4383440.png,2
7,4034704,Michael,Bandy,Michael Bandy,Michael Bandy,190,70,27.0,WR,29,https://a.espncdn.com/i/headshots/nfl/players/full/4034704.png,3
7,4431280,Troy,Franklin,Troy Franklin,Troy Franklin,180,75,21.0,WR,1,https://a.espncdn.com/i/headshots/nfl/players/full/4431280.png,0
7,4039057,Lil'Jordan,Humphrey,Lil'Jordan Humphrey,Lil'Jordan Humphrey,225,76,26.0,WR,1,https://a.espncdn.com/i/headshots/nfl/players/full/4039057.png,5
7,4360231,Lucas,Krull,Lucas Krull,Lucas Krull,260,78,26.0,TE,1,https://a.espncdn.com/i/headshots/nfl/players/full/4360231.png,2
7,4686472,Marvin,Mims Jr.,Marvin Mims Jr.,Marvin Mims Jr.,182,71,22.0,WR,1,https://a.espncdn.com/i/headshots/nfl/players/full/4686472.png,2
7,3912092,Donald,Parham Jr.,Donald Parham Jr.,Donald Parham Jr.,237,80,27.0,TE,29,https://a.espncdn.com/i/headshots/nfl/players/full/3912092.png,5
7,4362019,A.T.,Perry,A.T. Perry,A.T. Perry,205,77,25.0,WR,29,https://a.espncdn.com/i/headshots/nfl/players/full/4362019.png,2
7,3871102,David,Sills V,David Sills V,David Sills V,211,75,28.0,WR,29,https://a.espncdn.com/i/headshots/nfl/players/full/3871102.png,3
7,3128429,Courtland,Sutton,Courtland Sutton,Courtland Sutton,216,76,29.0,WR,1,https://a.espncdn.com/i/headshots/nfl/players/full/3128429.png,7
7,3911853,Adam,Trautman,Adam Trautman,Adam Trautman,253,77,27.0,TE,1,https://a.espncdn.com/i/headshots/nfl/players/full/3911853.png,5
7,4569559,Devaughn,Vele,Devaughn Vele,Devaughn Vele,210,77,27.0,WR,1,https://a.espncdn.com/i/headshots/nfl/players/full/4569559.png,0
7,4361027,Thomas,Yassmin,Thomas Yassmin,Thomas Yassmin,251,77,25.0,TE,29,https://a.espncdn.com/i/headshots/nfl/players/full/4361027.png,0
8,3914307,Maurice,Alexander,Maurice Alexander,Maurice Alexander,174,71,27.0,WR,29,https://a.espncdn.com/i/headshots/nfl/players/full/3914307.png,1
8,4373266,Antoine,Green,Antoine Green,Antoine Green,199,74,25.0,WR,13,https://a.espncdn.com/i/headshots/nfl/players/full/4373266.png,2
8,3126997,Tom,Kennedy,Tom Kennedy,Tom Kennedy,195,70,28.0,WR,1,https://a.espncdn.com/i/headshots/nfl/players/full/3126997.png,3
8,4430027,Sam,LaPorta,Sam LaPorta,Sam LaPorta,245,75,23.0,TE,1,https://a.espncdn.com/i/headshots/nfl/players/full/4430027.png,2
8,4361988,James,Mitchell,James Mitchell,James Mitchell,252,76,25.0,TE,29,https://a.espncdn.com/i/headshots/nfl/players/full/4361988.png,3
8,3134353,Tim,Patrick,Tim Patrick,Tim Patrick,210,77,31.0,WR,1,https://a.espncdn.com/i/headshots/nfl/players/full/3134353.png,7
8,4258195,Donovan,Peoples-Jones,Donovan Peoples-Jones,Donovan Peoples-Jones,204,74,25.0,WR,29,https://a.espncdn.com/i/headshots/nfl/players/full/4258195.png,5
8,2973405,Kalif,Raymond,Kalif Raymond,Kalif Raymond,180,68,30.0,WR,13,https://a.espncdn.com/i/headshots/nfl/players/full/2973405.png,8
8,16799,Allen,Robinson,Allen Robinson,Allen Robinson,210,74,31.0,WR,1,https://a.espncdn.com/i/headshots/nfl/players/full/16799.png,11
8,4374302,Amon-Ra,St. Brown,Amon-Ra St. Brown,Amon-Ra St. Brown,202,72,25.0,WR,1,https://a.espncdn.com/i/headshots/nfl/players/full/4374302.png,4
8,4426388,Jameson,Williams,Jameson Williams,Jameson Williams,180,73,23.0,WR,1,https://a.espncdn.com/i/headshots/nfl/players/full/4426388.png,3
8,4242392,Brock,Wright,Brock Wright,Brock Wright,250,77,26.0,TE,1,https://a.espncdn.com/i/headshots/nfl/players/full/4242392.png,4
8,4608362,Shane,Zylstra,Shane Zylstra,Shane Zylstra,244,76,28.0,TE,1,https://a.espncdn.com/i/headshots/nfl/players/full/4608362.png,3
9,3914240,Tyler,Davis,Tyler Davis,Tyler Davis,252,76,27.0,TE,13,https://a.espncdn.com/i/headshots/nfl/players/full/3914240.png,5
9,4361432,Romeo,Doubs,Romeo Doubs,Romeo Doubs,204,74,24.0,WR,1,https://a.espncdn.com/i/headshots/nfl/players/full/4361432.png,3
9,4379401,John,FitzPatrick,John FitzPatrick,John FitzPatrick,262,79,24.0,TE,1,https://a.espncdn.com/i/headshots/nfl/players/full/4379401.png,3
9,4689334,Malik,Heath,Malik Heath,Malik Heath,213,74,24.0,WR,1,https://a.espncdn.com/i/headshots/nfl/players/full/4689334.png,2
9,4244768,Julian,Hicks,Julian Hicks,Julian Hicks,201,74,25.0,WR,29,https://a.espncdn.com/i/headshots/nfl/players/full/4244768.png,0
9,4426479,Cornelius,Johnson,Cornelius Johnson,Cornelius Johnson,212,75,24.0,WR,29,https://a.espncdn.com/i/headshots/nfl/players/full/4426479.png,0
9,4572680,Tucker,Kraft,Tucker Kraft,Tucker Kraft,259,77,24.0,TE,1,https://a.espncdn.com/i/headshots/nfl/players/full/4572680.png,2
9,3128843,Alex,McGough,Alex McGough,Alex McGough,214,75,29.0,WR,29,https://a.espncdn.com/i/headshots/nfl/players/full/3128843.png,1
9,4259305,Bo,Melton,Bo Melton,Bo Melton,189,71,25.0,WR,1,https://a.espncdn.com/i/headshots/nfl/players/full/4259305.png,1
9,4428085,Luke,Musgrave,Luke Musgrave,Luke Musgrave,253,78,24.0,TE,1,https://a.espncdn.com/i/headshots/nfl/players/full/4428085.png,2
9,4362249,Jayden,Reed,Jayden Reed,Jayden Reed,187,71,24.0,WR,1,https://a.espncdn.com/i/headshots/nfl/players/full/4362249.png,2
9,4373030,Ben,Sims,Ben Sims,Ben Sims,250,77,24.0,TE,1,https://a.espncdn.com/i/headshots/nfl/players/full/4373030.png,2
9,4362770,Messiah,Swinson,Messiah Swinson,Messiah Swinson,259,79,24.0,TE,29,https://a.espncdn.com/i/headshots/nfl/players/full/4362770.png,0
9,4248528,Christian,Watson,Christian Watson,Christian Watson,208,76,25.0,WR,1,https://a.espncdn.com/i/headshots/nfl/players/full/4248528.png,3
9,4428850,Dontayvion,Wicks,Dontayvion Wicks,Dontayvion Wicks,206,73,23.0,WR,1,https://a.espncdn.com/i/headshots/nfl/players/full/4428850.png,2
34,4258173,Nico,Collins,Nico Collins,Nico Collins,222,76,25.0,WR,1,https://a.espncdn.com/i/headshots/nfl/players/full/4258173.png,4
34,4366031,Tank,Dell,Tank Dell,Tank Dell,165,70,25.0,WR,13,https://a.espncdn.com/i/headshots/nfl/players/full/4366031.png,2
34,2976212,Stefon,Diggs,Stefon Diggs,Stefon Diggs,191,72,31.0,WR,13,https://a.espncdn.com/i/headshots/nfl/players/full/2976212.png,10
34,4686422,Xavier,Hutchinson,Xavier Hutchinson,Xavier Hutchinson,210,75,24.0,WR,1,https://a.espncdn.com/i/headshots/nfl/players/full/4686422.png,2
34,4368290,Jaxon,Janke,Jaxon Janke,Jaxon Janke,210,75,25.0,WR,29,https://a.espncdn.com/i/headshots/nfl/players/full/4368290.png,0
34,3932905,Diontae,Johnson,Diontae Johnson,Diontae Johnson,183,70,28.0,WR,1,https://a.espncdn.com/i/headshots/nfl/players/full/3932905.png,6
34,4385430,Xavier,Johnson,Xavier Johnson,Xavier Johnson,210,73,25.0,WR,29,https://a.espncdn.com/i/headshots/nfl/players/full/4385430.png,0
34,4242504,Johnny,Johnson III,Johnny Johnson III,Johnny Johnson III,199,73,25.0,WR,29,https://a.espncdn.com/i/headshots/nfl/players/full/4242504.png,1
34,4362504,Brevin,Jordan,Brevin Jordan,Brevin Jordan,245,75,24.0,TE,13,https://a.espncdn.com/i/headshots/nfl/players/full/4362504.png,4
34,4240861,Dalton,Keene,Dalton Keene,Dalton Keene,251,76,25.0,TE,13,https://a.espncdn.com/i/headshots/nfl/players/full/4240861.png,2
34,4567096,John,Metchie III,John Metchie III,John Metchie III,195,72,24.0,WR,1,https://a.espncdn.com/i/headshots/nfl/players/full/4567096.png,2
34,4374045,Teagan,Quitoriano,Teagan Quitoriano,Teagan Quitoriano,259,78,24.0,TE,13,https://a.espncdn.com/i/headshots/nfl/players/full/4374045.png,3
34,3117256,Dalton,Schultz,Dalton Schultz,Dalton Schultz,242,77,28.0,TE,1,https://a.espncdn.com/i/headshots/nfl/players/full/3117256.png,7
34,4040980,Irv,Smith Jr.,Irv Smith Jr.,Irv Smith Jr.,242,74,26.0,TE,1,https://a.espncdn.com/i/headshots/nfl/players/full/4040980.png,6
34,4426496,Cade,Stover,Cade Stover,Cade Stover,251,76,24.0,TE,1,https://a.espncdn.com/i/headshots/nfl/players/full/4426496.png,0
34,4430681,Jared,Wayne,Jared Wayne,Jared Wayne,210,75,24.0,WR,29,https://a.espncdn.com/i/headshots/nfl/players/full/4430681.png,1
34,15880,Robert,Woods,Robert Woods,Robert Woods,193,72,32.0,WR,1,https://a.espncdn.com/i/headshots/nfl/players/full/15880.png,12
11,2998565,Mo,Alie-Cox,Mo Alie-Cox,Mo Alie-Cox,267,77,31.0,TE,1,https://a.espncdn.com/i/headshots/nfl/players/full/2998565.png,7
11,4688813,Josh,Downs,Josh Downs,Josh Downs,171,69,23.0,WR,1,https://a.espncdn.com/i/headshots/nfl/players/full/4688813.png,2
11,4061956,Ashton,Dulin,Ashton Dulin,Ashton Dulin,215,74,27.0,WR,1,https://a.espncdn.com/i/headshots/nfl/players/full/4061956.png,6
11,4429684,Anthony,Gould,Anthony Gould,Anthony Gould,174,68,23.0,WR,1,https://a.espncdn.com/i/headshots/nfl/players/full/4429684.png,0
11,4039160,Kylen,Granson,Kylen Granson,Kylen Granson,242,75,26.0,TE,1,https://a.espncdn.com/i/headshots/nfl/players/full/4039160.png,4
11,4362523,Will,Mallory,Will Mallory,Will Mallory,239,76,25.0,TE,1,https://a.espncdn.com/i/headshots/nfl/players/full/4362523.png,2
11,4036275,Sean,McKeon,Sean McKeon,Sean McKeon,255,77,27.0,TE,29,https://a.espncdn.com/i/headshots/nfl/players/full/4036275.png,5
11,4597500,Adonai,Mitchell,Adonai Mitchell,Adonai Mitchell,205,74,22.0,WR,1,https://a.espncdn.com/i/headshots/nfl/players/full/4597500.png,0
11,4249030,D.J.,Montgomery,D.J. Montgomery,D.J. Montgomery,201,73,28.0,WR,29,https://a.espncdn.com/i/headshots/nfl/players/full/4249030.png,4
11,4722908,Drew,Ogletree,Drew Ogletree,Drew Ogletree,260,77,26.0,TE,1,https://a.espncdn.com/i/headshots/nfl/players/full/4722908.png,3
11,4035115,Albert,Okwuegbunam Jr.,Albert Okwuegbunam Jr.,Albert Okwuegbunam Jr.,258,77,26.0,TE,29,https://a.espncdn.com/i/headshots/nfl/players/full/4035115.png,5
11,4360078,Alec,Pierce,Alec Pierce,Alec Pierce,211,75,24.0,WR,1,https://a.espncdn.com/i/headshots/nfl/players/full/4360078.png,3
11,4035687,Michael,Pittman Jr.,Michael Pittman Jr.,Michael Pittman Jr.,223,76,27.0,WR,1,https://a.espncdn.com/i/headshots/nfl/players/full/4035687.png,5
11,3051889,Laquon,Treadwell,Laquon Treadwell,Laquon Treadwell,215,74,29.0,WR,29,https://a.espncdn.com/i/headshots/nfl/players/full/3051889.png,9
11,3128317,Juwann,Winfree,Juwann Winfree,Juwann Winfree,210,73,28.0,WR,13,https://a.espncdn.com/i/headshots/nfl/players/full/3128317.png,4
11,4241410,Jelani,Woods,Jelani Woods,Jelani Woods,253,79,26.0,TE,13,https://a.espncdn.com/i/headshots/nfl/players/full/4241410.png,3
30,4366910,Shawn,Bowman,Shawn Bowman,Shawn Bowman,265,77,24.0,TE,29,https://a.espncdn.com/i/headshots/nfl/players/full/4366910.png,0
30,4426893,Joshua,Cephus,Joshua Cephus,Joshua Cephus,193,74,23.0,WR,29,https://a.espncdn.com/i/headshots/nfl/players/full/4426893.png,0
30,4241588,Elijah,Cooks,Elijah Cooks,Elijah Cooks,215,76,26.0,WR,29,https://a.espncdn.com/i/headshots/nfl/players/full/4241588.png,2
30,4243537,Gabe,Davis,Gabe Davis,Gabe Davis,225,74,25.0,WR,13,https://a.espncdn.com/i/headshots/nfl/players/full/4243537.png,5
30,3914151,Josiah,Deguara,Josiah Deguara,Josiah Deguara,238,74,27.0,TE,1,https://a.espncdn.com/i/headshots/nfl/players/full/3914151.png,4
30,4039050,Devin,Duvernay,Devin Duvernay,Devin Duvernay,202,71,27.0,WR,1,https://a.espncdn.com/i/headshots/nfl/players/full/4039050.png,5
30,3051876,Evan,Engram,Evan Engram,Evan Engram,240,75,30.0,TE,13,https://a.espncdn.com/i/headshots/nfl/players/full/3051876.png,8
30,4040612,Luke,Farrell,Luke Farrell,Luke Farrell,250,77,27.0,TE,1,https://a.espncdn.com/i/headshots/nfl/players/full/4040612.png,4
30,4245131,Tim,Jones,Tim Jones,Tim Jones,200,73,26.0,WR,1,https://a.espncdn.com/i/headshots/nfl/players/full/4245131.png,3
30,3895856,Christian,Kirk,Christian Kirk,Christian Kirk,200,71,28.0,WR,13,https://a.espncdn.com/i/headshots/nfl/players/full/3895856.png,7
30,5209791,Patrick,Murtagh,Patrick Murtagh,Patrick Murtagh,250,78,24.0,TE,13,https://a.espncdn.com/i/headshots/nfl/players/full/5209791.png,0
30,5208436,Louis,Rees-Zammit,Louis Rees-Zammit,Louis Rees-Zammit,209,74,23.0,WR,29,https://a.espncdn.com/i/headshots/nfl/players/full/5208436.png,0
30,3115306,Josh,Reynolds,Josh Reynolds,Josh Reynolds,192,75,29.0,WR,1,https://a.espncdn.com/i/headshots/nfl/players/full/3115306.png,7
30,4430539,Brenton,Strange,Brenton Strange,Brenton Strange,247,75,24.0,TE,1,https://a.espncdn.com/i/headshots/nfl/players/full/4430539.png,2
30,4432773,Brian,Thomas Jr.,Brian Thomas Jr.,Brian Thomas Jr.,205,76,22.0,WR,1,https://a.espncdn.com/i/headshots/nfl/players/full/4432773.png,0
30,4244856,Austin,Trammell,Austin Trammell,Austin Trammell,185,70,26.0,WR,29,https://a.espncdn.com/i/headshots/nfl/players/full/4244856.png,3
30,4432620,Parker,Washington,Parker Washington,Parker Washington,212,70,22.0,WR,1,https://a.espncdn.com/i/headshots/nfl/players/full/4432620.png,2
30,5089537,David,White Jr.,David White Jr.,David White Jr.,200,76,24.0,WR,13,https://a.espncdn.com/i/headshots/nfl/players/full/5089537.png,0
12,4241372,Hollywood,Brown,Hollywood Brown,Hollywood Brown,180,69,27.0,WR,1,https://a.espncdn.com/i/headshots/nfl/players/full/4241372.png,6
12,4426364,Baylor,Cupp,Baylor Cupp,Baylor Cupp,243,78,24.0,TE,29,https://a.espncdn.com/i/headshots/nfl/players/full/4426364.png,0
12,3049698,Anthony,Firkser,Anthony Firkser,Anthony Firkser,241,74,29.0,TE,29,https://a.espncdn.com/i/headshots/nfl/players/full/3049698.png,6
12,4408854,Jody,Fortson,Jody Fortson,Jody Fortson,226,76,29.0,TE,13,https://a.espncdn.com/i/headshots/nfl/players/full/4408854.png,4
12,4240472,Noah,Gray,Noah Gray,Noah Gray,240,75,25.0,TE,1,https://a.espncdn.com/i/headshots/nfl/players/full/4240472.png,4
12,4035004,Mecole,Hardman,Mecole Hardman,Mecole Hardman,187,70,26.0,WR,13,https://a.espncdn.com/i/headshots/nfl/players/full/4035004.png,6
12,4258248,Peyton,Hendershot,Peyton Hendershot,Peyton Hendershot,254,76,25.0,TE,1,https://a.espncdn.com/i/headshots/nfl/players/full/4258248.png,3
12,15795,DeAndre,Hopkins,DeAndre Hopkins,DeAndre Hopkins,218,73,32.0,WR,1,https://a.espncdn.com/i/headshots/nfl/players/full/15795.png,12
12,15847,Travis,Kelce,Travis Kelce,Travis Kelce,250,77,35.0,TE,1,https://a.espncdn.com/i/headshots/nfl/players/full/15847.png,12
12,4430191,Skyy,Moore,Skyy Moore,Skyy Moore,195,70,24.0,WR,13,https://a.espncdn.com/i/headshots/nfl/players/full/4430191.png,3
12,4372716,Nikko,Remigio,Nikko Remigio,Nikko Remigio,187,69,25.0,WR,1,https://a.espncdn.com/i/headshots/nfl/players/full/4372716.png,1
12,4428331,Rashee,Rice,Rashee Rice,Rashee Rice,204,73,24.0,WR,13,https://a.espncdn.com/i/headshots/nfl/players/full/4428331.png,2
12,4360306,Justyn,Ross,Justyn Ross,Justyn Ross,210,76,25.0,WR,29,https://a.espncdn.com/i/headshots/nfl/players/full/4360306.png,3
12,3120348,JuJu,Smith-Schuster,JuJu Smith-Schuster,JuJu Smith-Schuster,215,73,28.0,WR,1,https://a.espncdn.com/i/headshots/nfl/players/full/3120348.png,8
12,4362921,Tyquan,Thornton,Tyquan Thornton,Tyquan Thornton,182,74,24.0,WR,29,https://a.espncdn.com/i/headshots/nfl/players/full/4362921.png,3
12,2975674,Robert,Tonyan,Robert Tonyan,Robert Tonyan,240,77,30.0,TE,29,https://a.espncdn.com/i/headshots/nfl/players/full/2975674.png,7
12,3118892,Justin,Watson,Justin Watson,Justin Watson,215,74,28.0,WR,1,https://a.espncdn.com/i/headshots/nfl/players/full/3118892.png,7
12,4430723,Jared,Wiley,Jared Wiley,Jared Wiley,249,78,24.0,TE,13,https://a.espncdn.com/i/headshots/nfl/players/full/4430723.png,0
12,4683062,Xavier,Worthy,Xavier Worthy,Xavier Worthy,165,71,21.0,WR,1,https://a.espncdn.com/i/headshots/nfl/players/full/4683062.png,0
13,3919510,Alex,Bachman,Alex Bachman,Alex Bachman,190,72,28.0,WR,29,https://a.espncdn.com/i/headshots/nfl/players/full/3919510.png,1
13,4432665,Brock,Bowers,Brock Bowers,Brock Bowers,230,76,22.0,TE,1,https://a.espncdn.com/i/headshots/nfl/players/full/4432665.png,0
13,4040774,Harrison,Bryant,Harrison Bryant,Harrison Bryant,230,77,26.0,TE,1,https://a.espncdn.com/i/headshots/nfl/players/full/4040774.png,5
13,4427209,Jeff,Foreman,Jeff Foreman,Jeff Foreman,186,72,25.0,WR,13,https://a.espncdn.com/i/headshots/nfl/players/full/4427209.png,0
13,4361332,Shedrick,Jackson,Shedrick Jackson,Shedrick Jackson,195,73,25.0,WR,29,https://a.espncdn.com/i/headshots/nfl/players/full/4361332.png,1
13,4426399,Ramel,Keyton,Ramel Keyton,Ramel Keyton,191,74,24.0,WR,1,https://a.espncdn.com/i/headshots/nfl/players/full/4426399.png,0
13,4362630,Terrace,Marshall Jr.,Terrace Marshall Jr.,Terrace Marshall Jr.,200,74,24.0,WR,1,https://a.espncdn.com/i/headshots/nfl/players/full/4362630.png,4
13,4429086,Michael,Mayer,Michael Mayer,Michael Mayer,265,76,23.0,TE,1,https://a.espncdn.com/i/headshots/nfl/players/full/4429086.png,2
13,4589248,Tyreik,McAllister,Tyreik McAllister,Tyreik McAllister,185,70,26.0,WR,29,https://a.espncdn.com/i/headshots/nfl/players/full/4589248.png,1
13,3916433,Jakobi,Meyers,Jakobi Meyers,Jakobi Meyers,200,74,28.0,WR,1,https://a.espncdn.com/i/headshots/nfl/players/full/3916433.png,6
13,4242526,John Samuel,Shenker,John Samuel Shenker,John Samuel Shenker,249,76,26.0,TE,29,https://a.espncdn.com/i/headshots/nfl/players/full/4242526.png,1
13,4361426,Justin,Shorter,Justin Shorter,Justin Shorter,228,77,24.0,TE,1,https://a.espncdn.com/i/headshots/nfl/players/full/4361426.png,2
13,4428718,Tre,Tucker,Tre Tucker,Tre Tucker,185,69,23.0,WR,1,https://a.espncdn.com/i/headshots/nfl/players/full/4428718.png,2
13,4036211,DJ,Turner,DJ Turner,DJ Turner,205,69,27.0,WR,13,https://a.espncdn.com/i/headshots/nfl/players/full/4036211.png,3
13,3910176,Kristian,Wilkerson,Kristian Wilkerson,Kristian Wilkerson,214,73,27.0,WR,29,https://a.espncdn.com/i/headshots/nfl/players/full/3910176.png,3
24,4372741,McCallan,Castles,McCallan Castles,McCallan Castles,250,76,25.0,TE,29,https://a.espncdn.com/i/headshots/nfl/players/full/4372741.png,0
24,3115394,DJ,Chark Jr.,DJ Chark Jr.,DJ Chark Jr.,200,75,28.0,WR,1,https://a.espncdn.com/i/headshots/nfl/players/full/3115394.png,7
24,4362477,Derius,Davis,Derius Davis,Derius Davis,165,68,24.0,WR,1,https://a.espncdn.com/i/headshots/nfl/players/full/4362477.png,2
24,3127292,Will,Dissly,Will Dissly,Will Dissly,265,76,28.0,TE,1,https://a.espncdn.com/i/headshots/nfl/players/full/3127292.png,7
24,4360739,Simi,Fehoko,Simi Fehoko,Simi Fehoko,218,76,27.0,WR,13,https://a.espncdn.com/i/headshots/nfl/players/full/4360739.png,4
24,4242558,Tucker,Fisk,Tucker Fisk,Tucker Fisk,285,76,25.0,TE,1,https://a.espncdn.com/i/headshots/nfl/players/full/4242558.png,1
24,4036026,Dez,Fitzpatrick,Dez Fitzpatrick,Dez Fitzpatrick,208,74,27.0,WR,29,https://a.espncdn.com/i/headshots/nfl/players/full/4036026.png,2
24,3924365,Hayden,Hurst,Hayden Hurst,Hayden Hurst,245,76,31.0,TE,1,https://a.espncdn.com/i/headshots/nfl/players/full/3924365.png,7
24,4379405,Jaylen,Johnson,Jaylen Johnson,Jaylen Johnson,194,74,24.0,WR,29,https://a.espncdn.com/i/headshots/nfl/players/full/4379405.png,0
24,4429025,Quentin,Johnston,Quentin Johnston,Quentin Johnston,215,76,23.0,WR,1,https://a.espncdn.com/i/headshots/nfl/players/full/4429025.png,2
24,4612826,Ladd,McConkey,Ladd McConkey,Ladd McConkey,185,72,23.0,WR,1,https://a.espncdn.com/i/headshots/nfl/players/full/4612826.png,0
24,4242433,Joshua,Palmer,Joshua Palmer,Joshua Palmer,210,73,25.0,WR,1,https://a.espncdn.com/i/headshots/nfl/players/full/4242433.png,4
24,4241802,Jalen,Reagor,Jalen Reagor,Jalen Reagor,197,71,26.0,WR,13,https://a.espncdn.com/i/headshots/nfl/players/full/4241802.png,5
24,4686781,Brenden,Rice,Brenden Rice,Brenden Rice,210,75,22.0,WR,13,https://a.espncdn.com/i/headshots/nfl/players/full/4686781.png,0
24,4243160,Laviska,Shenault Jr.,Laviska Shenault Jr.,Laviska Shenault Jr.,225,73,26.0,WR,29,https://a.espncdn.com/i/headshots/nfl/players/full/4243160.png,5
24,4250764,Stone,Smartt,Stone Smartt,Stone Smartt,226,76,26.0,TE,1,https://a.espncdn.com/i/headshots/nfl/players/full/4250764.png,3
24,2511973,Eric,Tomlinson,Eric Tomlinson,Eric Tomlinson,263,78,32.0,TE,29,https://a.espncdn.com/i/headshots/nfl/players/full/2511973.png,8
14,4426553,Davis,Allen,Davis Allen,Davis Allen,251,78,23.0,TE,1,https://a.espncdn.com/i/headshots/nfl/players/full/4426553.png,2
14,4360797,Tutu,Atwell,Tutu Atwell,Tutu Atwell,165,69,25.0,WR,1,https://a.espncdn.com/i/headshots/nfl/players/full/4360797.png,4
14,4035793,Quintez,Cephus,Quintez Cephus,Quintez Cephus,208,73,26.0,WR,29,https://a.espncdn.com/i/headshots/nfl/players/full/4035793.png,4
14,2573401,Tyler,Higbee,Tyler Higbee,Tyler Higbee,255,78,32.0,TE,1,https://a.espncdn.com/i/headshots/nfl/players/full/2573401.png,9
14,2310331,Tyler,Johnson,Tyler Johnson,Tyler Johnson,208,73,26.0,WR,1,https://a.espncdn.com/i/headshots/nfl/players/full/2310331.png,4
14,4916349,Nikola,Kalinic,Nikola Kalinic,Nikola Kalinic,248,76,27.0,TE,29,https://a.espncdn.com/i/headshots/nfl/players/full/4916349.png,2
14,2977187,Cooper,Kupp,Cooper Kupp,Cooper Kupp,207,74,31.0,WR,1,https://a.espncdn.com/i/headshots/nfl/players/full/2977187.png,8
14,4239944,Hunter,Long,Hunter Long,Hunter Long,243,77,26.0,TE,1,https://a.espncdn.com/i/headshots/nfl/players/full/4239944.png,4
14,4426515,Puka,Nacua,Puka Nacua,Puka Nacua,212,74,23.0,WR,1,https://a.espncdn.com/i/headshots/nfl/players/full/4426515.png,2
14,4242557,Colby,Parkinson,Colby Parkinson,Colby Parkinson,265,79,25.0,TE,1,https://a.espncdn.com/i/headshots/nfl/players/full/4242557.png,5
14,3043116,Demarcus,Robinson,Demarcus Robinson,Demarcus Robinson,202,73,30.0,WR,1,https://a.espncdn.com/i/headshots/nfl/players/full/3043116.png,9
14,4386544,Xavier,Smith,Xavier Smith,Xavier Smith,176,69,27.0,WR,1,https://a.espncdn.com/i/headshots/nfl/players/full/4386544.png,1
14,4360282,Drake,Stoops,Drake Stoops,Drake Stoops,189,70,25.0,WR,29,https://a.espncdn.com/i/headshots/nfl/players/full/4360282.png,0
14,4569382,Jordan,Whittington,Jordan Whittington,Jordan Whittington,202,73,24.0,WR,1,https://a.espncdn.com/i/headshots/nfl/players/full/4569382.png,0
15,3123075,Braxton,Berrios,Braxton Berrios,Braxton Berrios,185,69,29.0,WR,13,https://a.espncdn.com/i/headshots/nfl/players/full/3123075.png,7
15,4258170,Tarik,Black,Tarik Black,Tarik Black,213,75,26.0,WR,29,https://a.espncdn.com/i/headshots/nfl/players/full/4258170.png,1
15,4047422,Tanner,Conner,Tanner Conner,Tanner Conner,232,75,26.0,TE,13,https://a.espncdn.com/i/headshots/nfl/players/full/4047422.png,2
15,3052056,River,Cracraft,River Cracraft,River Cracraft,198,72,30.0,WR,1,https://a.espncdn.com/i/headshots/nfl/players/full/3052056.png,6
15,4879650,Grant,DuBose,Grant DuBose,Grant DuBose,201,74,23.0,WR,13,https://a.espncdn.com/i/headshots/nfl/players/full/4879650.png,1
15,4043016,Dee,Eskridge,Dee Eskridge,Dee Eskridge,190,69,27.0,WR,1,https://a.espncdn.com/i/headshots/nfl/players/full/4043016.png,4
15,4362186,Erik,Ezukanma,Erik Ezukanma,Erik Ezukanma,206,74,24.0,WR,1,https://a.espncdn.com/i/headshots/nfl/players/full/4362186.png,3
15,4365395,Julian,Hill,Julian Hill,Julian Hill,251,76,24.0,TE,1,https://a.espncdn.com/i/headshots/nfl/players/full/4365395.png,2
15,3116406,Tyreek,Hill,Tyreek Hill,Tyreek Hill,191,70,30.0,WR,1,https://a.espncdn.com/i/headshots/nfl/players/full/3116406.png,9
15,3128724,Isaiah,McKenzie,Isaiah McKenzie,Isaiah McKenzie,173,67,29.0,WR,29,https://a.espncdn.com/i/headshots/nfl/players/full/3128724.png,8
15,4371986,Anthony,Schwartz,Anthony Schwartz,Anthony Schwartz,186,72,24.0,WR,13,https://a.espncdn.com/i/headshots/nfl/players/full/4371986.png,3
15,3054212,Jonnu,Smith,Jonnu Smith,Jonnu Smith,248,75,29.0,TE,1,https://a.espncdn.com/i/headshots/nfl/players/full/3054212.png,8
15,3052897,Durham,Smythe,Durham Smythe,Durham Smythe,246,78,29.0,TE,1,https://a.espncdn.com/i/headshots/nfl/players/full/3052897.png,7
15,4034862,Jack,Stoll,Jack Stoll,Jack Stoll,247,76,26.0,TE,1,https://a.espncdn.com/i/headshots/nfl/players/full/4034862.png,4
15,4372016,Jaylen,Waddle,Jaylen Waddle,Jaylen Waddle,185,70,26.0,WR,1,https://a.espncdn.com/i/headshots/nfl/players/full/4372016.png,4
15,4569603,Malik,Washington,Malik Washington,Malik Washington,191,68,23.0,WR,1,https://a.espncdn.com/i/headshots/nfl/players/full/4569603.png,0
15,4567506,Tahj,Washington,Tahj Washington,Tahj Washington,174,70,23.0,WR,13,https://a.espncdn.com/i/headshots/nfl/players/full/4567506.png,0
16,4429205,Jordan,Addison,Jordan Addison,Jordan Addison,175,71,22.0,WR,1,https://a.espncdn.com/i/headshots/nfl/players/full/4429205.png,2
16,4036133,T.J.,Hockenson,T.J. Hockenson,T.J. Hockenson,248,77,27.0,TE,1,https://a.espncdn.com/i/headshots/nfl/players/full/4036133.png,6
16,3915802,Lucky,Jackson,Lucky Jackson,Lucky Jackson,186,72,27.0,WR,29,https://a.espncdn.com/i/headshots/nfl/players/full/3915802.png,1
16,4046715,Trishton,Jackson,Trishton Jackson,Trishton Jackson,191,73,26.0,WR,29,https://a.espncdn.com/i/headshots/nfl/players/full/4046715.png,3
16,4262921,Justin,Jefferson,Justin Jefferson,Justin Jefferson,195,73,25.0,WR,1,https://a.espncdn.com/i/headshots/nfl/players/full/4262921.png,5
16,4360637,Jeshaun,Jones,Jeshaun Jones,Jeshaun Jones,188,73,25.0,WR,29,https://a.espncdn.com/i/headshots/nfl/players/full/4360637.png,0
16,3052096,Johnny,Mundt,Johnny Mundt,Johnny Mundt,233,76,30.0,TE,1,https://a.espncdn.com/i/headshots/nfl/players/full/3052096.png,7
16,4249624,Nick,Muse,Nick Muse,Nick Muse,252,76,26.0,TE,29,https://a.espncdn.com/i/headshots/nfl/players/full/4249624.png,3
16,4382466,Jalen,Nailor,Jalen Nailor,Jalen Nailor,190,72,25.0,WR,1,https://a.espncdn.com/i/headshots/nfl/players/full/4382466.png,3
16,3921690,Josh,Oliver,Josh Oliver,Josh Oliver,259,77,27.0,TE,1,https://a.espncdn.com/i/headshots/nfl/players/full/3921690.png,6
16,3115255,Brandon,Powell,Brandon Powell,Brandon Powell,181,68,29.0,WR,1,https://a.espncdn.com/i/headshots/nfl/players/full/3115255.png,7
16,3148929,Sammis,Reyes,Sammis Reyes,Sammis Reyes,240,79,29.0,TE,29,https://a.espncdn.com/i/headshots/nfl/players/full/3148929.png,2
16,3122168,Trent,Sherfield Sr.,Trent Sherfield Sr.,Trent Sherfield Sr.,206,73,28.0,WR,1,https://a.espncdn.com/i/headshots/nfl/players/full/3122168.png,7
16,4240121,Thayer,Thomas,Thayer Thomas,Thayer Thomas,195,72,26.0,WR,29,https://a.espncdn.com/i/headshots/nfl/players/full/4240121.png,1
17,4692022,Javon,Baker,Javon Baker,Javon Baker,202,73,22.0,WR,1,https://a.espncdn.com/i/headshots/nfl/players/full/4692022.png,0
17,4429262,Jaheim,Bell,Jaheim Bell,Jaheim Bell,241,74,23.0,TE,1,https://a.espncdn.com/i/headshots/nfl/players/full/4429262.png,0
17,3045523,Kendrick,Bourne,Kendrick Bourne,Kendrick Bourne,205,73,29.0,WR,1,https://a.espncdn.com/i/headshots/nfl/players/full/3045523.png,8
17,4429022,Kayshon,Boutte,Kayshon Boutte,Kayshon Boutte,197,71,22.0,WR,1,https://a.espncdn.com/i/headshots/nfl/players/full/4429022.png,2
17,4427095,DeMario,Douglas,DeMario Douglas,DeMario Douglas,192,68,24.0,WR,1,https://a.espncdn.com/i/headshots/nfl/players/full/4427095.png,2
17,2977800,Alex,Erickson,Alex Erickson,Alex Erickson,195,72,32.0,WR,29,https://a.espncdn.com/i/headshots/nfl/players/full/2977800.png,8
17,3046439,Hunter,Henry,Hunter Henry,Hunter Henry,249,77,30.0,TE,1,https://a.espncdn.com/i/headshots/nfl/players/full/3046439.png,9
17,3043275,Austin,Hooper,Austin Hooper,Austin Hooper,254,76,30.0,TE,1,https://a.espncdn.com/i/headshots/nfl/players/full/3043275.png,9
17,3115328,Jalen,Hurd,Jalen Hurd,Jalen Hurd,230,77,28.0,WR,1,https://a.espncdn.com/i/headshots/nfl/players/full/3115328.png,4
17,5160748,JaQuae,Jackson,JaQuae Jackson,JaQuae Jackson,184,73,24.0,WR,13,,0
17,4887705,John,Jiles,John Jiles,John Jiles,220,75,24.0,WR,29,https://a.espncdn.com/i/headshots/nfl/players/full/4887705.png,0
17,4430637,Ja'Lynn,Polk,Ja'Lynn Polk,Ja'Lynn Polk,203,73,22.0,WR,1,https://a.espncdn.com/i/headshots/nfl/players/full/4430637.png,0
17,4259908,Braylon,Sanders,Braylon Sanders,Braylon Sanders,190,73,25.0,WR,29,https://a.espncdn.com/i/headshots/nfl/players/full/4259908.png,1
17,4361100,Jack,Westover,Jack Westover,Jack Westover,248,75,25.0,TE,29,https://a.espncdn.com/i/headshots/nfl/players/full/4361100.png,0
17,3923392,Mitchell,Wilcox,Mitchell Wilcox,Mitchell Wilcox,250,76,28.0,TE,29,https://a.espncdn.com/i/headshots/nfl/players/full/3923392.png,4
18,4372758,Kevin,Austin Jr.,Kevin Austin Jr.,Kevin Austin Jr.,200,74,24.0,WR,1,https://a.espncdn.com/i/headshots/nfl/players/full/4372758.png,1
18,2468609,Taysom,Hill,Taysom Hill,Taysom Hill,221,74,34.0,TE,13,https://a.espncdn.com/i/headshots/nfl/players/full/2468609.png,8
18,4373634,Dallin,Holker,Dallin Holker,Dallin Holker,241,75,24.0,TE,1,https://a.espncdn.com/i/headshots/nfl/players/full/4373634.png,0
18,4698301,Jermaine,Jackson,Jermaine Jackson,Jermaine Jackson,170,67,24.0,WR,29,https://a.espncdn.com/i/headshots/nfl/players/full/4698301.png,0
18,3911895,Michael,Jacobson,Michael Jacobson,Michael Jacobson,244,79,27.0,TE,29,https://a.espncdn.com/i/headshots/nfl/players/full/3911895.png,1
18,3929645,Juwan,Johnson,Juwan Johnson,Juwan Johnson,231,76,28.0,TE,1,https://a.espncdn.com/i/headshots/nfl/players/full/3929645.png,5
18,4427985,Bub,Means,Bub Means,Bub Means,215,74,23.0,WR,13,https://a.espncdn.com/i/headshots/nfl/players/full/4427985.png,0
18,3843945,Foster,Moreau,Foster Moreau,Foster Moreau,250,76,27.0,TE,1,https://a.espncdn.com/i/headshots/nfl/players/full/3843945.png,6
18,4361370,Chris,Olave,Chris Olave,Chris Olave,187,72,24.0,WR,13,https://a.espncdn.com/i/headshots/nfl/players/full/4361370.png,3
18,3127306,Dante,Pettis,Dante Pettis,Dante Pettis,195,73,29.0,WR,1,https://a.espncdn.com/i/headshots/nfl/players/full/3127306.png,6
18,4032473,Rashid,Shaheed,Rashid Shaheed,Rashid Shaheed,180,72,26.0,WR,13,https://a.espncdn.com/i/headshots/nfl/players/full/4032473.png,3
18,3932442,Equanimeous,St. Brown,Equanimeous St. Brown,Equanimeous St. Brown,214,77,28.0,WR,29,https://a.espncdn.com/i/headshots/nfl/players/full/3932442.png,7
18,4573697,Mason,Tipton,Mason Tipton,Mason Tipton,187,71,24.0,WR,1,https://a.espncdn.com/i/headshots/nfl/players/full/4573697.png,0
18,3051738,Marquez,Valdes-Scantling,Marquez Valdes-Scantling,Marquez Valdes-Scantling,206,76,30.0,WR,1,https://a.espncdn.com/i/headshots/nfl/players/full/3051738.png,7
18,4430684,Treyton,Welch,Treyton Welch,Treyton Welch,240,76,,TE,29,https://a.espncdn.com/i/headshots/nfl/players/full/4430684.png,0
18,4036335,Cedrick,Wilson Jr.,Cedrick Wilson Jr.,Cedrick Wilson Jr.,197,74,29.0,WR,1,https://a.espncdn.com/i/headshots/nfl/players/full/4036335.png,7
19,4361516,Daniel,Bellinger,Daniel Bellinger,Daniel Bellinger,255,78,24.0,TE,1,https://a.espncdn.com/i/headshots/nfl/players/full/4361516.png,3
19,4367209,Greg,Dulcich,Greg Dulcich,Greg Dulcich,245,76,24.0,TE,1,https://a.espncdn.com/i/headshots/nfl/players/full/4367209.png,3
19,4362227,Bryce,Ford-Wheaton,Bryce Ford-Wheaton,Bryce Ford-Wheaton,220,75,24.0,WR,1,https://a.espncdn.com/i/headshots/nfl/players/full/4362227.png,2
19,4242540,Isaiah,Hodgins,Isaiah Hodgins,Isaiah Hodgins,200,75,26.0,WR,29,https://a.espncdn.com/i/headshots/nfl/players/full/4242540.png,4
19,4692590,Jalin,Hyatt,Jalin Hyatt,Jalin Hyatt,185,72,23.0,WR,1,https://a.espncdn.com/i/headshots/nfl/players/full/4692590.png,2
19,4361778,Kearis,Jackson,Kearis Jackson,Kearis Jackson,196,71,25.0,WR,29,https://a.espncdn.com/i/headshots/nfl/players/full/4361778.png,2
19,4429148,Theo,Johnson,Theo Johnson,Theo Johnson,264,78,23.0,TE,13,https://a.espncdn.com/i/headshots/nfl/players/full/4429148.png,0
19,2531358,Chris,Manhertz,Chris Manhertz,Chris Manhertz,235,78,32.0,TE,1,https://a.espncdn.com/i/headshots/nfl/players/full/2531358.png,9
19,4368172,Jordan,Murray,Jordan Murray,Jordan Murray,240,77,24.0,TE,29,https://a.espncdn.com/i/headshots/nfl/players/full/4368172.png,1
19,4595348,Malik,Nabers,Malik Nabers,Malik Nabers,200,72,21.0,WR,1,https://a.espncdn.com/i/headshots/nfl/players/full/4595348.png,0
19,4424106,Gunner,Olszewski,Gunner Olszewski,Gunner Olszewski,190,72,28.0,WR,13,https://a.espncdn.com/i/headshots/nfl/players/full/4424106.png,6
19,4569587,Wan'Dale,Robinson,Wan'Dale Robinson,Wan'Dale Robinson,185,68,23.0,WR,1,https://a.espncdn.com/i/headshots/nfl/players/full/4569587.png,3
19,3916945,Darius,Slayton,Darius Slayton,Darius Slayton,198,73,27.0,WR,1,https://a.espncdn.com/i/headshots/nfl/players/full/3916945.png,6
19,4240573,Ihmir,Smith-Marsette,Ihmir Smith-Marsette,Ihmir Smith-Marsette,185,73,25.0,WR,1,https://a.espncdn.com/i/headshots/nfl/players/full/4240573.png,4
20,16800,Davante,Adams,Davante Adams,Davante Adams,215,73,32.0,WR,1,https://a.espncdn.com/i/headshots/nfl/players/full/16800.png,11
20,4689988,Jason,Brownlee,Jason Brownlee,Jason Brownlee,202,75,25.0,WR,29,https://a.espncdn.com/i/headshots/nfl/players/full/4689988.png,2
20,3929636,Irvin,Charles,Irvin Charles,Irvin Charles,219,76,27.0,WR,13,https://a.espncdn.com/i/headshots/nfl/players/full/3929636.png,2
20,3915486,Tyler,Conklin,Tyler Conklin,Tyler Conklin,248,75,29.0,TE,1,https://a.espncdn.com/i/headshots/nfl/players/full/3915486.png,7
20,4613104,Malachi,Corley,Malachi Corley,Malachi Corley,215,71,22.0,WR,1,https://a.espncdn.com/i/headshots/nfl/players/full/4613104.png,0
20,4427278,Xavier,Gipson,Xavier Gipson,Xavier Gipson,189,69,23.0,WR,1,https://a.espncdn.com/i/headshots/nfl/players/full/4427278.png,2
20,4361417,Zack,Kuntz,Zack Kuntz,Zack Kuntz,251,80,25.0,TE,29,https://a.espncdn.com/i/headshots/nfl/players/full/4361417.png,1
20,3128390,Allen,Lazard,Allen Lazard,Allen Lazard,227,77,29.0,WR,1,https://a.espncdn.com/i/headshots/nfl/players/full/3128390.png,6
20,4360803,Marcus,Riley,Marcus Riley,Marcus Riley,175,71,25.0,WR,13,https://a.espncdn.com/i/headshots/nfl/players/full/4360803.png,0
20,4361372,Jeremy,Ruckert,Jeremy Ruckert,Jeremy Ruckert,250,77,24.0,TE,1,https://a.espncdn.com/i/headshots/nfl/players/full/4361372.png,3
20,4240577,Brandon,Smith,Brandon Smith,Brandon Smith,220,74,26.0,WR,29,https://a.espncdn.com/i/headshots/nfl/players/full/4240577.png,1
20,4408988,Malik,Taylor,Malik Taylor,Malik Taylor,220,73,29.0,WR,13,https://a.espncdn.com/i/headshots/nfl/players/full/4408988.png,3
20,4569618,Garrett,Wilson,Garrett Wilson,Garrett Wilson,183,72,24.0,WR,1,https://a.espncdn.com/i/headshots/nfl/players/full/4569618.png,3
20,4245174,Easop,Winston Jr.,Easop Winston Jr.,Easop Winston Jr.,192,72,28.0,WR,29,https://a.espncdn.com/i/headshots/nfl/players/full/4245174.png,1
20,4044144,Kenny,Yeboah,Kenny Yeboah,Kenny Yeboah,250,76,26.0,TE,1,https://a.espncdn.com/i/headshots/nfl/players/full/4044144.png,4
21,4047646,A.J.,Brown,A.J. Brown,A.J. Brown,226,73,27.0,WR,1,https://a.espncdn.com/i/headshots/nfl/players/full/4047646.png,6
21,4241374,Grant,Calcaterra,Grant Calcaterra,Grant Calcaterra,240,76,26.0,TE,1,https://a.espncdn.com/i/headshots/nfl/players/full/4241374.png,3
21,3121410,Parris,Campbell,Parris Campbell,Parris Campbell,208,72,27.0,WR,29,https://a.espncdn.com/i/headshots/nfl/players/full/3121410.png,6
21,3926231,Britain,Covey,Britain Covey,Britain Covey,173,68,27.0,WR,13,https://a.espncdn.com/i/headshots/nfl/players/full/3926231.png,3
21,4361409,Jahan,Dotson,Jahan Dotson,Jahan Dotson,184,71,24.0,WR,1,https://a.espncdn.com/i/headshots/nfl/players/full/4361409.png,3
21,3121023,Dallas,Goedert,Dallas Goedert,Dallas Goedert,256,77,29.0,TE,13,https://a.espncdn.com/i/headshots/nfl/players/full/3121023.png,7
21,4689546,Danny,Gray,Danny Gray,Danny Gray,200,72,25.0,WR,29,https://a.espncdn.com/i/headshots/nfl/players/full/4689546.png,3
21,4248557,E.J.,Jenkins,E.J. Jenkins,E.J. Jenkins,245,78,26.0,TE,1,https://a.espncdn.com/i/headshots/nfl/players/full/4248557.png,1
21,4367175,Kyle,Philips,Kyle Philips,Kyle Philips,189,71,25.0,WR,29,https://a.espncdn.com/i/headshots/nfl/players/full/4367175.png,3
21,4428532,Ainias,Smith,Ainias Smith,Ainias Smith,176,69,23.0,WR,1,https://a.espncdn.com/i/headshots/nfl/players/full/4428532.png,0
21,4241478,DeVonta,Smith,DeVonta Smith,DeVonta Smith,170,72,26.0,WR,1,https://a.espncdn.com/i/headshots/nfl/players/full/4241478.png,4
21,2574576,C.J.,Uzomah,C.J. Uzomah,C.J. Uzomah,262,78,31.0,TE,13,https://a.espncdn.com/i/headshots/nfl/players/full/2574576.png,10
21,4686104,Johnny,Wilson,Johnny Wilson,Johnny Wilson,228,78,23.0,WR,1,https://a.espncdn.com/i/headshots/nfl/players/full/4686104.png,0
23,3061612,Jamal,Agnew,Jamal Agnew,Jamal Agnew,190,70,29.0,WR,29,https://a.espncdn.com/i/headshots/nfl/players/full/3061612.png,8
23,4243389,Calvin,Austin III,Calvin Austin III,Calvin Austin III,162,69,25.0,WR,1,https://a.espncdn.com/i/headshots/nfl/players/full/4243389.png,3
23,4361411,Pat,Freiermuth,Pat Freiermuth,Pat Freiermuth,258,77,26.0,TE,1,https://a.espncdn.com/i/headshots/nfl/players/full/4361411.png,4
23,4241961,Connor,Heyward,Connor Heyward,Connor Heyward,230,72,25.0,TE,1,https://a.espncdn.com/i/headshots/nfl/players/full/4241961.png,3
23,3930066,Van,Jefferson,Van Jefferson,Van Jefferson,200,73,28.0,WR,1,https://a.espncdn.com/i/headshots/nfl/players/full/3930066.png,5
23,4035198,Brandon,Johnson,Brandon Johnson,Brandon Johnson,195,74,26.0,WR,29,https://a.espncdn.com/i/headshots/nfl/players/full/4035198.png,3
23,3914397,Scotty,Miller,Scotty Miller,Scotty Miller,174,69,27.0,WR,1,https://a.espncdn.com/i/headshots/nfl/players/full/3914397.png,6
23,4426354,George,Pickens,George Pickens,George Pickens,200,75,23.0,WR,1,https://a.espncdn.com/i/headshots/nfl/players/full/4426354.png,3
23,2508256,MyCole,Pruitt,MyCole Pruitt,MyCole Pruitt,258,74,32.0,TE,1,https://a.espncdn.com/i/headshots/nfl/players/full/2508256.png,9
23,4035656,Ben,Skowronek,Ben Skowronek,Ben Skowronek,224,75,27.0,WR,1,https://a.espncdn.com/i/headshots/nfl/players/full/4035656.png,4
23,3121378,Matt,Sokol,Matt Sokol,Matt Sokol,249,77,29.0,TE,29,https://a.espncdn.com/i/headshots/nfl/players/full/3121378.png,5
23,4430802,Darnell,Washington,Darnell Washington,Darnell Washington,264,79,23.0,TE,1,https://a.espncdn.com/i/headshots/nfl/players/full/4430802.png,2
23,4050373,Quez,Watkins,Quez Watkins,Quez Watkins,193,72,26.0,WR,29,https://a.espncdn.com/i/headshots/nfl/players/full/4050373.png,5
23,3045138,Mike,Williams,Mike Williams,Mike Williams,220,75,30.0,WR,1,https://a.espncdn.com/i/headshots/nfl/players/full/3045138.png,8
23,4431492,Roman,Wilson,Roman Wilson,Roman Wilson,186,70,23.0,WR,13,https://a.espncdn.com/i/headshots/nfl/players/full/4431492.png,0
25,4360438,Brandon,Aiyuk,Brandon Aiyuk,Brandon Aiyuk,200,72,26.0,WR,13,https://a.espncdn.com/i/headshots/nfl/players/full/4360438.png,5
25,4372063,Ronnie,Bell,Ronnie Bell,Ronnie Bell,190,72,24.0,WR,29,https://a.espncdn.com/i/headshots/nfl/players/full/4372063.png,2
25,2578533,Chris,Conley,Chris Conley,Chris Conley,205,75,32.0,WR,1,https://a.espncdn.com/i/headshots/nfl/players/full/2578533.png,10
25,4575665,Jacob,Cowing,Jacob Cowing,Jacob Cowing,171,69,23.0,WR,1,https://a.espncdn.com/i/headshots/nfl/players/full/4575665.png,0
25,3886598,Jauan,Jennings,Jauan Jennings,Jauan Jennings,212,75,27.0,WR,1,https://a.espncdn.com/i/headshots/nfl/players/full/3886598.png,4
25,3040151,George,Kittle,George Kittle,George Kittle,250,76,31.0,TE,1,https://a.espncdn.com/i/headshots/nfl/players/full/3040151.png,8
25,4428209,Ricky,Pearsall,Ricky Pearsall,Ricky Pearsall,192,75,24.0,WR,1,https://a.espncdn.com/i/headshots/nfl/players/full/4428209.png,0
25,4911517,Mason,Pline,Mason Pline,Mason Pline,254,78,24.0,TE,29,https://a.espncdn.com/i/headshots/nfl/players/full/4911517.png,0
25,3126486,Deebo,Samuel Sr.,Deebo Samuel Sr.,Deebo Samuel Sr.,215,72,28.0,WR,1,https://a.espncdn.com/i/headshots/nfl/players/full/3126486.png,6
25,2975863,Eric,Saubert,Eric Saubert,Eric Saubert,248,77,30.0,TE,1,https://a.espncdn.com/i/headshots/nfl/players/full/2975863.png,7
25,3040569,Trent,Taylor,Trent Taylor,Trent Taylor,178,68,30.0,WR,29,https://a.espncdn.com/i/headshots/nfl/players/full/3040569.png,7
25,4259147,Jake,Tonges,Jake Tonges,Jake Tonges,240,76,25.0,TE,1,https://a.espncdn.com/i/headshots/nfl/players/full/4259147.png,2
25,4360290,Brayden,Willis,Brayden Willis,Brayden Willis,240,76,25.0,TE,1,https://a.espncdn.com/i/headshots/nfl/players/full/4360290.png,2
26,4576297,AJ,Barner,AJ Barner,AJ Barner,251,78,22.0,TE,1,https://a.espncdn.com/i/headshots/nfl/players/full/4576297.png,0
26,4360405,Jake,Bobo,Jake Bobo,Jake Bobo,207,76,26.0,WR,1,https://a.espncdn.com/i/headshots/nfl/players/full/4360405.png,2
26,3932423,Miles,Boykin,Miles Boykin,Miles Boykin,222,76,28.0,WR,29,https://a.espncdn.com/i/headshots/nfl/players/full/3932423.png,6
26,2971281,Pharaoh,Brown,Pharaoh Brown,Pharaoh Brown,246,77,30.0,TE,1,https://a.espncdn.com/i/headshots/nfl/players/full/2971281.png,7
26,4243830,Jaelon,Darden,Jaelon Darden,Jaelon Darden,175,68,25.0,WR,1,https://a.espncdn.com/i/headshots/nfl/players/full/4243830.png,3
26,4036131,Noah,Fant,Noah Fant,Noah Fant,249,76,27.0,TE,1,https://a.espncdn.com/i/headshots/nfl/players/full/4036131.png,6
26,2577327,Tyler,Lockett,Tyler Lockett,Tyler Lockett,182,70,32.0,WR,1,https://a.espncdn.com/i/headshots/nfl/players/full/2577327.png,10
26,3916587,Tyler,Mabry,Tyler Mabry,Tyler Mabry,247,75,28.0,TE,29,https://a.espncdn.com/i/headshots/nfl/players/full/3916587.png,2
26,4047650,DK,Metcalf,DK Metcalf,DK Metcalf,235,76,27.0,WR,1,https://a.espncdn.com/i/headshots/nfl/players/full/4047650.png,6
26,4035465,Cornell,Powell,Cornell Powell,Cornell Powell,205,72,27.0,WR,29,https://a.espncdn.com/i/headshots/nfl/players/full/4035465.png,1
26,4243176,Brady,Russell,Brady Russell,Brady Russell,250,75,26.0,TE,1,https://a.espncdn.com/i/headshots/nfl/players/full/4243176.png,2
26,4430878,Jaxon,Smith-Njigba,Jaxon Smith-Njigba,Jaxon Smith-Njigba,197,72,22.0,WR,1,https://a.espncdn.com/i/headshots/nfl/players/full/4430878.png,2
26,4241983,Cody,White,Cody White,Cody White,215,75,26.0,WR,1,https://a.espncdn.com/i/headshots/nfl/players/full/4241983.png,2
26,4401805,Dareke,Young,Dareke Young,Dareke Young,224,74,25.0,WR,1,https://a.espncdn.com/i/headshots/nfl/players/full/4401805.png,3
27,4035170,Marquez,Callaway,Marquez Callaway,Marquez Callaway,204,74,26.0,WR,29,https://a.espncdn.com/i/headshots/nfl/players/full/4035170.png,4
27,4361112,Devin,Culp,Devin Culp,Devin Culp,237,76,24.0,TE,1,https://a.espncdn.com/i/headshots/nfl/players/full/4361112.png,0
27,4372505,Payne,Durham,Payne Durham,Payne Durham,255,77,24.0,TE,1,https://a.espncdn.com/i/headshots/nfl/players/full/4372505.png,2
27,16737,Mike,Evans,Mike Evans,Mike Evans,231,77,31.0,WR,1,https://a.espncdn.com/i/headshots/nfl/players/full/16737.png,11
27,3116165,Chris,Godwin,Chris Godwin,Chris Godwin,209,73,28.0,WR,13,https://a.espncdn.com/i/headshots/nfl/players/full/3116165.png,8
27,4572786,Dennis,Houston,Dennis Houston,Dennis Houston,198,73,25.0,WR,29,https://a.espncdn.com/i/headshots/nfl/players/full/4572786.png,1
27,4429006,Rakim,Jarrett,Rakim Jarrett,Rakim Jarrett,192,72,23.0,WR,1,https://a.espncdn.com/i/headshots/nfl/players/full/4429006.png,2
27,5097554,Kameron,Johnson,Kameron Johnson,Kameron Johnson,195,70,22.0,WR,1,https://a.espncdn.com/i/headshots/nfl/players/full/5097554.png,0
27,4034779,Ko,Kieft,Ko Kieft,Ko Kieft,265,77,26.0,TE,1,https://a.espncdn.com/i/headshots/nfl/players/full/4034779.png,3
27,4363528,Tanner,Knue,Tanner Knue,Tanner Knue,178,71,25.0,WR,29,https://a.espncdn.com/i/headshots/nfl/players/full/4363528.png,0
27,4430834,Jalen,McMillan,Jalen McMillan,Jalen McMillan,192,73,23.0,WR,1,https://a.espncdn.com/i/headshots/nfl/players/full/4430834.png,0
27,4369466,Ryan,Miller,Ryan Miller,Ryan Miller,221,74,24.0,WR,1,https://a.espncdn.com/i/headshots/nfl/players/full/4369466.png,1
27,4243331,Cade,Otton,Cade Otton,Cade Otton,247,77,25.0,TE,1,https://a.espncdn.com/i/headshots/nfl/players/full/4243331.png,3
27,4426407,Trey,Palmer,Trey Palmer,Trey Palmer,190,73,23.0,WR,1,https://a.espncdn.com/i/headshots/nfl/players/full/4426407.png,2
27,2976592,Sterling,Shepard,Sterling Shepard,Sterling Shepard,194,70,31.0,WR,1,https://a.espncdn.com/i/headshots/nfl/players/full/2976592.png,9
27,4248052,Tanner,Taula,Tanner Taula,Tanner Taula,255,78,26.0,TE,29,https://a.espncdn.com/i/headshots/nfl/players/full/4248052.png,1
27,3126115,Cody,Thompson,Cody Thompson,Cody Thompson,205,74,28.0,WR,29,https://a.espncdn.com/i/headshots/nfl/players/full/3126115.png,3
10,3045144,Tyler,Boyd,Tyler Boyd,Tyler Boyd,203,74,30.0,WR,1,https://a.espncdn.com/i/headshots/nfl/players/full/3045144.png,9
10,4567156,Treylon,Burks,Treylon Burks,Treylon Burks,225,74,24.0,WR,13,https://a.espncdn.com/i/headshots/nfl/players/full/4567156.png,3
10,4250945,Colton,Dowell,Colton Dowell,Colton Dowell,212,75,25.0,WR,13,https://a.espncdn.com/i/headshots/nfl/players/full/4250945.png,2
10,4427575,Jha'Quan,Jackson,Jha'Quan Jackson,Jha'Quan Jackson,188,69,24.0,WR,1,https://a.espncdn.com/i/headshots/nfl/players/full/4427575.png,0
10,4057082,Mason,Kinsey,Mason Kinsey,Mason Kinsey,200,71,26.0,WR,1,https://a.espncdn.com/i/headshots/nfl/players/full/4057082.png,2
10,4245144,Tay,Martin,Tay Martin,Tay Martin,185,75,27.0,WR,29,https://a.espncdn.com/i/headshots/nfl/players/full/4245144.png,1
10,4360978,David,Martin-Robinson,David Martin-Robinson,David Martin-Robinson,247,75,25.0,TE,1,https://a.espncdn.com/i/headshots/nfl/players/full/4360978.png,0
10,3699902,Stanley,Morgan Jr.,Stanley Morgan Jr.,Stanley Morgan Jr.,205,72,28.0,WR,29,https://a.espncdn.com/i/headshots/nfl/players/full/3699902.png,5
10,4363554,Thomas,Odukoya,Thomas Odukoya,Thomas Odukoya,253,78,27.0,TE,29,https://a.espncdn.com/i/headshots/nfl/players/full/4363554.png,1
10,4360635,Chig,Okonkwo,Chig Okonkwo,Chig Okonkwo,238,75,25.0,TE,1,https://a.espncdn.com/i/headshots/nfl/players/full/4360635.png,3
10,4362617,Bryce,Oliver,Bryce Oliver,Bryce Oliver,214,73,24.0,WR,1,https://a.espncdn.com/i/headshots/nfl/players/full/4362617.png,0
10,3925357,Calvin,Ridley,Calvin Ridley,Calvin Ridley,190,73,30.0,WR,1,https://a.espncdn.com/i/headshots/nfl/players/full/3925357.png,6
10,2576399,Nick,Vannett,Nick Vannett,Nick Vannett,257,77,31.0,TE,1,https://a.espncdn.com/i/headshots/nfl/players/full/2576399.png,9
10,3929785,Nick,Westbrook-Ikhine,Nick Westbrook-Ikhine,Nick Westbrook-Ikhine,211,74,27.0,WR,1,https://a.espncdn.com/i/headshots/nfl/players/full/3929785.png,5
10,4360086,Josh,Whyle,Josh Whyle,Josh Whyle,248,79,25.0,TE,1,https://a.espncdn.com/i/headshots/nfl/players/full/4360086.png,2
28,4048228,John,Bates,John Bates,John Bates,259,78,27.0,TE,1,https://a.espncdn.com/i/headshots/nfl/players/full/4048228.png,4
28,4361577,Dyami,Brown,Dyami Brown,Dyami Brown,195,72,25.0,WR,1,https://a.espncdn.com/i/headshots/nfl/players/full/4361577.png,4
28,3121409,Noah,Brown,Noah Brown,Noah Brown,225,74,28.0,WR,13,https://a.espncdn.com/i/headshots/nfl/players/full/3121409.png,8
28,2576716,Jamison,Crowder,Jamison Crowder,Jamison Crowder,177,69,31.0,WR,1,https://a.espncdn.com/i/headshots/nfl/players/full/2576716.png,10
28,15835,Zach,Ertz,Zach Ertz,Zach Ertz,250,77,34.0,TE,1,https://a.espncdn.com/i/headshots/nfl/players/full/15835.png,12
28,3916564,Tyree,Jackson,Tyree Jackson,Tyree Jackson,249,79,27.0,TE,29,https://a.espncdn.com/i/headshots/nfl/players/full/3916564.png,3
28,4426948,Luke,McCaffrey,Luke McCaffrey,Luke McCaffrey,198,74,23.0,WR,1,https://a.espncdn.com/i/headshots/nfl/players/full/4426948.png,0
28,3121422,Terry,McLaurin,Terry McLaurin,Terry McLaurin,210,72,29.0,WR,1,https://a.espncdn.com/i/headshots/nfl/players/full/3121422.png,6
28,2576581,Chris,Moore,Chris Moore,Chris Moore,200,73,31.0,WR,29,https://a.espncdn.com/i/headshots/nfl/players/full/2576581.png,9
28,3916566,K.J.,Osborn,K.J. Osborn,K.J. Osborn,203,71,27.0,WR,1,https://a.espncdn.com/i/headshots/nfl/players/full/3916566.png,5
28,4690923,Ben,Sinnott,Ben Sinnott,Ben Sinnott,247,76,22.0,TE,1,https://a.espncdn.com/i/headshots/nfl/players/full/4690923.png,0
28,4690070,Mitchell,Tinsley,Mitchell Tinsley,Mitchell Tinsley,205,73,25.0,WR,29,https://a.espncdn.com/i/headshots/nfl/players/full/4690070.png,2
28,4360763,Brycen,Tremayne,Brycen Tremayne,Brycen Tremayne,212,76,25.0,WR,29,https://a.espncdn.com/i/headshots/nfl/players/full/4360763.png,1
28,4361438,Cole,Turner,Cole Turner,Cole Turner,240,78,24.0,TE,29,https://a.espncdn.com/i/headshots/nfl/players/full/4361438.png,3
28,4361088,Colson,Yankoff,Colson Yankoff,Colson Yankoff,225,76,24.0,TE,13,https://a.espncdn.com/i/headshots/nfl/players/full/4361088.png,0
28,3917914,Olamide,Zaccheaus,Olamide Zaccheaus,Olamide Zaccheaus,193,68,27.0,WR,1,https://a.espncdn.com/i/headshots/nfl/players/full/3917914.png,6
